Quantity,Units,A_Resistive,B_PMOS_Active,C_PMOS_Diode
Supply current ID,uA,303.01,243.887,340.35
NMOS M0 VGS,mV,630,630,590
NMOS M0 VTH,mV,477.012,477.409,482.504
NMOS M0 VOV,mV,152.988,152.591,107.496
NMOS M0 VDS,mV,890.971,904.82,139.89
NMOS M0 gm,mS,2.91169,2.34981,3.96611
PMOS M1 VGS,mV,,-635,-1660.11
PMOS M1 VTH,mV,,-513.421,-494.997
PMOS M1 VDS,mV,,-895.18,-1660.11
PMOS M1 gm,uS,,2691.69,423.063
Load resistor RD,ohm,3000.0,,
RD power,uW,275.444,,
Quiescent output VOUT_Q,mV,890.971,904.82,139.89
Total power VDD*ID,uW,545.42,438.99,612.63
